LOCATION,SUBJECT,MEASURE,TIME,Value,Country Name,Latitude,Longitude
AUS,BEEF,KG_CAP,2025,19.5406445836845,Australia,-25.2744,133.7751
AUS,BEEF,KG_CAP,2026,19.401266617988103,Australia,-25.2744,133.7751
AUS,PIG,KG_CAP,2025,20.9332448603077,Australia,-25.2744,133.7751
AUS,PIG,KG_CAP,2026,20.9951503255638,Australia,-25.2744,133.7751
AUS,POULTRY,KG_CAP,2025,46.3064188171761,Australia,-25.2744,133.7751
AUS,POULTRY,KG_CAP,2026,46.337915623905495,Australia,-25.2744,133.7751
AUS,SHEEP,KG_CAP,2025,8.525495271234519,Australia,-25.2744,133.7751
AUS,SHEEP,KG_CAP,2026,8.57996534914565,Australia,-25.2744,133.7751
CAN,BEEF,KG_CAP,2025,18.2930486617945,Canada,56.1304,-106.3468
CAN,BEEF,KG_CAP,2026,18.0043395321845,Canada,56.1304,-106.3468
CAN,PIG,KG_CAP,2025,16.1783559230783,Canada,56.1304,-106.3468
CAN,PIG,KG_CAP,2026,16.1930466833926,Canada,56.1304,-106.3468
CAN,POULTRY,KG_CAP,2025,35.3962858713396,Canada,56.1304,-106.3468
CAN,POULTRY,KG_CAP,2026,35.5212342511111,Canada,56.1304,-106.3468
CAN,SHEEP,KG_CAP,2025,0.854434505169808,Canada,56.1304,-106.3468
CAN,SHEEP,KG_CAP,2026,0.852247194205182,Canada,56.1304,-106.3468
JPN,BEEF,KG_CAP,2025,6.80825444184662,Japan,36.2048,138.2529
JPN,BEEF,KG_CAP,2026,6.84487541340819,Japan,36.2048,138.2529
JPN,PIG,KG_CAP,2025,15.4759814368503,Japan,36.2048,138.2529
JPN,PIG,KG_CAP,2026,15.5440183592832,Japan,36.2048,138.2529
JPN,POULTRY,KG_CAP,2025,14.7326666805624,Japan,36.2048,138.2529
JPN,POULTRY,KG_CAP,2026,14.7683397332609,Japan,36.2048,138.2529
JPN,SHEEP,KG_CAP,2025,0.125060060853712,Japan,36.2048,138.2529
JPN,SHEEP,KG_CAP,2026,0.122135792019294,Japan,36.2048,138.2529
KOR,BEEF,KG_CAP,2025,10.6723931678348,South Korea,35.9078,127.7669
KOR,BEEF,KG_CAP,2026,10.7374247816141,South Korea,35.9078,127.7669
KOR,PIG,KG_CAP,2025,29.4269878370134,South Korea,35.9078,127.7669
KOR,PIG,KG_CAP,2026,29.544063244925,South Korea,35.9078,127.7669
KOR,POULTRY,KG_CAP,2025,17.782650832728102,South Korea,35.9078,127.7669
KOR,POULTRY,KG_CAP,2026,17.907864909992,South Korea,35.9078,127.7669
KOR,SHEEP,KG_CAP,2025,0.201451492837645,South Korea,35.9078,127.7669
KOR,SHEEP,KG_CAP,2026,0.202655820609565,South Korea,35.9078,127.7669
MEX,BEEF,KG_CAP,2025,8.94947723557447,Mexico,23.6345,-102.5528
MEX,BEEF,KG_CAP,2026,8.9759136685209,Mexico,23.6345,-102.5528
MEX,PIG,KG_CAP,2025,12.8694094529933,Mexico,23.6345,-102.5528
MEX,PIG,KG_CAP,2026,12.8891239438367,Mexico,23.6345,-102.5528
MEX,POULTRY,KG_CAP,2025,27.4272600847706,Mexico,23.6345,-102.5528
MEX,POULTRY,KG_CAP,2026,27.5816995161174,Mexico,23.6345,-102.5528
MEX,SHEEP,KG_CAP,2025,0.506803184466059,Mexico,23.6345,-102.5528
MEX,SHEEP,KG_CAP,2026,0.506233815511724,Mexico,23.6345,-102.5528
NZL,BEEF,KG_CAP,2025,12.4641950119911,New Zealand,-40.9006,174.886
NZL,BEEF,KG_CAP,2026,12.3947103513463,New Zealand,-40.9006,174.886
NZL,PIG,KG_CAP,2025,18.5736154874161,New Zealand,-40.9006,174.886
NZL,PIG,KG_CAP,2026,18.6622533161306,New Zealand,-40.9006,174.886
NZL,POULTRY,KG_CAP,2025,38.8070751729819,New Zealand,-40.9006,174.886
NZL,POULTRY,KG_CAP,2026,38.669291245991296,New Zealand,-40.9006,174.886
NZL,SHEEP,KG_CAP,2025,4.1840893780180295,New Zealand,-40.9006,174.886
NZL,SHEEP,KG_CAP,2026,4.14006490247692,New Zealand,-40.9006,174.886
TUR,BEEF,KG_CAP,2025,8.751336113705651,Turkey,38.9637,35.2433
TUR,BEEF,KG_CAP,2026,8.82121411746644,Turkey,38.9637,35.2433
TUR,PIG,KG_CAP,2025,0.0827226839857957,Turkey,38.9637,35.2433
TUR,PIG,KG_CAP,2026,0.0821957746454136,Turkey,38.9637,35.2433
TUR,POULTRY,KG_CAP,2025,18.3456287226482,Turkey,38.9637,35.2433
TUR,POULTRY,KG_CAP,2026,18.4565888844416,Turkey,38.9637,35.2433
TUR,SHEEP,KG_CAP,2025,4.25159693949696,Turkey,38.9637,35.2433
TUR,SHEEP,KG_CAP,2026,4.28288957509283,Turkey,38.9637,35.2433
USA,BEEF,KG_CAP,2025,25.8428426846415,United States,37.0902,-95.7129
USA,BEEF,KG_CAP,2026,25.8508636712816,United States,37.0902,-95.7129
USA,PIG,KG_CAP,2025,23.6799597284112,United States,37.0902,-95.7129
USA,PIG,KG_CAP,2026,23.6156375257052,United States,37.0902,-95.7129
USA,POULTRY,KG_CAP,2025,48.4664349027016,United States,37.0902,-95.7129
USA,POULTRY,KG_CAP,2026,48.26007182002071,United States,37.0902,-95.7129
USA,SHEEP,KG_CAP,2025,0.3687219437046279,United States,37.0902,-95.7129
USA,SHEEP,KG_CAP,2026,0.368678693175492,United States,37.0902,-95.7129
DZA,BEEF,KG_CAP,2025,4.12244341815043,Algeria,28.0339,1.6596
DZA,BEEF,KG_CAP,2026,4.16219623705702,Algeria,28.0339,1.6596
DZA,PIG,KG_CAP,2025,0.0510195404840054,Algeria,28.0339,1.6596
DZA,PIG,KG_CAP,2026,0.0504547286322607,Algeria,28.0339,1.6596
DZA,POULTRY,KG_CAP,2025,6.35878702597343,Algeria,28.0339,1.6596
DZA,POULTRY,KG_CAP,2026,6.38580887707211,Algeria,28.0339,1.6596
DZA,SHEEP,KG_CAP,2025,7.49192095963609,Algeria,28.0339,1.6596
DZA,SHEEP,KG_CAP,2026,7.55820461766176,Algeria,28.0339,1.6596
ARG,BEEF,KG_CAP,2025,37.6716015136287,Argentina,-38.4161,-63.6167
ARG,BEEF,KG_CAP,2026,37.6906779206296,Argentina,-38.4161,-63.6167
ARG,PIG,KG_CAP,2025,9.174332472286151,Argentina,-38.4161,-63.6167
ARG,PIG,KG_CAP,2026,9.217468735654789,Argentina,-38.4161,-63.6167
ARG,POULTRY,KG_CAP,2025,37.9791016835079,Argentina,-38.4161,-63.6167
ARG,POULTRY,KG_CAP,2026,37.9512292453693,Argentina,-38.4161,-63.6167
ARG,SHEEP,KG_CAP,2025,1.1978800430918,Argentina,-38.4161,-63.6167
ARG,SHEEP,KG_CAP,2026,1.19627072724716,Argentina,-38.4161,-63.6167
BGD,BEEF,KG_CAP,2025,0.8273024723156228,Bangladesh,23.685,90.3563
BGD,BEEF,KG_CAP,2026,0.812836166724737,Bangladesh,23.685,90.3563
BGD,PIG,KG_CAP,2025,3.920399581422e-06,Bangladesh,23.685,90.3563
BGD,PIG,KG_CAP,2026,3.8860544617801e-06,Bangladesh,23.685,90.3563
BGD,POULTRY,KG_CAP,2025,1.44085494788081,Bangladesh,23.685,90.3563
BGD,POULTRY,KG_CAP,2026,1.43510844800504,Bangladesh,23.685,90.3563
BGD,SHEEP,KG_CAP,2025,1.37912814375866,Bangladesh,23.685,90.3563
BGD,SHEEP,KG_CAP,2026,1.4020033747972,Bangladesh,23.685,90.3563
BRA,BEEF,KG_CAP,2025,26.0202635717239,Brazil,-14.235,-51.9253
BRA,BEEF,KG_CAP,2026,26.1729466310174,Brazil,-14.235,-51.9253
BRA,PIG,KG_CAP,2025,13.4558584461479,Brazil,-14.235,-51.9253
BRA,PIG,KG_CAP,2026,13.5767941021278,Brazil,-14.235,-51.9253
BRA,POULTRY,KG_CAP,2025,39.9729878957064,Brazil,-14.235,-51.9253
BRA,POULTRY,KG_CAP,2026,39.8230672873905,Brazil,-14.235,-51.9253
BRA,SHEEP,KG_CAP,2025,0.367879957883499,Brazil,-14.235,-51.9253
BRA,SHEEP,KG_CAP,2026,0.3618564934488629,Brazil,-14.235,-51.9253
CHL,BEEF,KG_CAP,2025,18.2645738505814,Chile,-35.6751,-71.543
CHL,BEEF,KG_CAP,2026,18.2696958135972,Chile,-35.6751,-71.543
CHL,PIG,KG_CAP,2025,18.6832837385898,Chile,-35.6751,-71.543
CHL,PIG,KG_CAP,2026,18.7163145192357,Chile,-35.6751,-71.543
CHL,POULTRY,KG_CAP,2025,35.2405627078766,Chile,-35.6751,-71.543
CHL,POULTRY,KG_CAP,2026,35.3659063619928,Chile,-35.6751,-71.543
CHL,SHEEP,KG_CAP,2025,0.441714088077043,Chile,-35.6751,-71.543
CHL,SHEEP,KG_CAP,2026,0.44317895535094,Chile,-35.6751,-71.543
CHN,BEEF,KG_CAP,2025,4.65498536831925,China,35.8617,104.1954
CHN,BEEF,KG_CAP,2026,4.71653972251662,China,35.8617,104.1954
CHN,PIG,KG_CAP,2025,32.876612461049106,China,35.8617,104.1954
CHN,PIG,KG_CAP,2026,33.147647218279,China,35.8617,104.1954
CHN,POULTRY,KG_CAP,2025,13.6219358416765,China,35.8617,104.1954
CHN,POULTRY,KG_CAP,2026,13.8045817738901,China,35.8617,104.1954
CHN,SHEEP,KG_CAP,2025,3.63850073564717,China,35.8617,104.1954
CHN,SHEEP,KG_CAP,2026,3.68339409322112,China,35.8617,104.1954
COL,BEEF,KG_CAP,2025,11.4855539732247,Colombia,4.5709,-74.2973
COL,BEEF,KG_CAP,2026,11.483137090537902,Colombia,4.5709,-74.2973
COL,PIG,KG_CAP,2025,4.84137470845857,Colombia,4.5709,-74.2973
COL,PIG,KG_CAP,2026,4.8730570610762,Colombia,4.5709,-74.2973
COL,POULTRY,KG_CAP,2025,29.4988385090305,Colombia,4.5709,-74.2973
COL,POULTRY,KG_CAP,2026,29.8190868165619,Colombia,4.5709,-74.2973
COL,SHEEP,KG_CAP,2025,0.229970764538004,Colombia,4.5709,-74.2973
COL,SHEEP,KG_CAP,2026,0.231092875140646,Colombia,4.5709,-74.2973
EGY,BEEF,KG_CAP,2025,9.05748575766235,Egypt,26.8206,30.8025
EGY,BEEF,KG_CAP,2026,9.0805704506014,Egypt,26.8206,30.8025
EGY,PIG,KG_CAP,2025,0.164372581058045,Egypt,26.8206,30.8025
EGY,PIG,KG_CAP,2026,0.164205955047394,Egypt,26.8206,30.8025
EGY,POULTRY,KG_CAP,2025,9.21566903375556,Egypt,26.8206,30.8025
EGY,POULTRY,KG_CAP,2026,9.199111287698589,Egypt,26.8206,30.8025
EGY,SHEEP,KG_CAP,2025,1.42684683356922,Egypt,26.8206,30.8025
EGY,SHEEP,KG_CAP,2026,1.44320463755801,Egypt,26.8206,30.8025
ETH,BEEF,KG_CAP,2025,2.76311660518571,Ethiopia,9.145,40.4897
ETH,BEEF,KG_CAP,2026,2.8105481921536297,Ethiopia,9.145,40.4897
ETH,PIG,KG_CAP,2025,0.018709978873862,Ethiopia,9.145,40.4897
ETH,PIG,KG_CAP,2026,0.0191517845973996,Ethiopia,9.145,40.4897
ETH,POULTRY,KG_CAP,2025,0.555126870867522,Ethiopia,9.145,40.4897
ETH,POULTRY,KG_CAP,2026,0.557301928723708,Ethiopia,9.145,40.4897
ETH,SHEEP,KG_CAP,2025,1.28263192871691,Ethiopia,9.145,40.4897
ETH,SHEEP,KG_CAP,2026,1.2928733713977,Ethiopia,9.145,40.4897
GHA,BEEF,KG_CAP,2025,0.743270816803423,Ghana,7.9465,-1.0232
GHA,BEEF,KG_CAP,2026,0.7359947043105179,Ghana,7.9465,-1.0232
GHA,PIG,KG_CAP,2025,0.932090455369226,Ghana,7.9465,-1.0232
GHA,PIG,KG_CAP,2026,0.946791374891606,Ghana,7.9465,-1.0232
GHA,POULTRY,KG_CAP,2025,6.99271299643594,Ghana,7.9465,-1.0232
GHA,POULTRY,KG_CAP,2026,7.10090061675099,Ghana,7.9465,-1.0232
GHA,SHEEP,KG_CAP,2025,1.76005202538815,Ghana,7.9465,-1.0232
GHA,SHEEP,KG_CAP,2026,1.78829132996528,Ghana,7.9465,-1.0232
HTI,BEEF,KG_CAP,2025,3.52954467474228,Haiti,18.9712,-72.2852
HTI,BEEF,KG_CAP,2026,3.54791366310506,Haiti,18.9712,-72.2852
HTI,PIG,KG_CAP,2025,3.5128719617052,Haiti,18.9712,-72.2852
HTI,PIG,KG_CAP,2026,3.55379976360725,Haiti,18.9712,-72.2852
HTI,POULTRY,KG_CAP,2025,7.60711189227408,Haiti,18.9712,-72.2852
HTI,POULTRY,KG_CAP,2026,7.73236414552682,Haiti,18.9712,-72.2852
HTI,SHEEP,KG_CAP,2025,0.636225101656034,Haiti,18.9712,-72.2852
HTI,SHEEP,KG_CAP,2026,0.64582934577879,Haiti,18.9712,-72.2852
IND,BEEF,KG_CAP,2025,0.525896765457087,India,20.5937,78.9629
IND,BEEF,KG_CAP,2026,0.5289963715394079,India,20.5937,78.9629
IND,PIG,KG_CAP,2025,0.235079804216617,India,20.5937,78.9629
IND,PIG,KG_CAP,2026,0.2379315699006199,India,20.5937,78.9629
IND,POULTRY,KG_CAP,2025,2.26759784721644,India,20.5937,78.9629
IND,POULTRY,KG_CAP,2026,2.30230694195175,India,20.5937,78.9629
IND,SHEEP,KG_CAP,2025,0.445802833058972,India,20.5937,78.9629
IND,SHEEP,KG_CAP,2026,0.444000818810152,India,20.5937,78.9629
IDN,BEEF,KG_CAP,2025,2.13025743203943,Indonesia,-0.7893,113.9213
IDN,BEEF,KG_CAP,2026,2.16889340808037,Indonesia,-0.7893,113.9213
IDN,PIG,KG_CAP,2025,2.43275749488188,Indonesia,-0.7893,113.9213
IDN,PIG,KG_CAP,2026,2.46522301304668,Indonesia,-0.7893,113.9213
IDN,POULTRY,KG_CAP,2025,7.178670840575349,Indonesia,-0.7893,113.9213
IDN,POULTRY,KG_CAP,2026,7.30113018716398,Indonesia,-0.7893,113.9213
IDN,SHEEP,KG_CAP,2025,0.444180286172442,Indonesia,-0.7893,113.9213
IDN,SHEEP,KG_CAP,2026,0.449821871670782,Indonesia,-0.7893,113.9213
IRN,BEEF,KG_CAP,2025,3.33517353942646,Iran,32.4279,53.688
IRN,BEEF,KG_CAP,2026,3.35304904562079,Iran,32.4279,53.688
IRN,PIG,KG_CAP,2025,8.1159221907348e-06,Iran,32.4279,53.688
IRN,PIG,KG_CAP,2026,8.0712143245428e-06,Iran,32.4279,53.688
IRN,POULTRY,KG_CAP,2025,24.0926860486726,Iran,32.4279,53.688
IRN,POULTRY,KG_CAP,2026,24.2969697834871,Iran,32.4279,53.688
IRN,SHEEP,KG_CAP,2025,3.655888918970741,Iran,32.4279,53.688
IRN,SHEEP,KG_CAP,2026,3.71530627476712,Iran,32.4279,53.688
ISR,BEEF,KG_CAP,2025,20.2526303363124,Israel,31.0461,34.8516
ISR,BEEF,KG_CAP,2026,20.2424194534489,Israel,31.0461,34.8516
ISR,PIG,KG_CAP,2025,1.41678624584767,Israel,31.0461,34.8516
ISR,PIG,KG_CAP,2026,1.39773158493907,Israel,31.0461,34.8516
ISR,POULTRY,KG_CAP,2025,56.8401871087524,Israel,31.0461,34.8516
ISR,POULTRY,KG_CAP,2026,56.89022107762021,Israel,31.0461,34.8516
ISR,SHEEP,KG_CAP,2025,1.8216593947818,Israel,31.0461,34.8516
ISR,SHEEP,KG_CAP,2026,1.82334158868022,Israel,31.0461,34.8516
KAZ,BEEF,KG_CAP,2025,17.990707242295603,Kazakhstan,48.0196,66.9237
KAZ,BEEF,KG_CAP,2026,18.1722007699461,Kazakhstan,48.0196,66.9237
KAZ,PIG,KG_CAP,2025,4.67175787632383,Kazakhstan,48.0196,66.9237
KAZ,PIG,KG_CAP,2026,4.71768273811053,Kazakhstan,48.0196,66.9237
KAZ,POULTRY,KG_CAP,2025,14.7660147351597,Kazakhstan,48.0196,66.9237
KAZ,POULTRY,KG_CAP,2026,14.9289713138678,Kazakhstan,48.0196,66.9237
KAZ,SHEEP,KG_CAP,2025,8.24968460675458,Kazakhstan,48.0196,66.9237
KAZ,SHEEP,KG_CAP,2026,8.355001874969,Kazakhstan,48.0196,66.9237
MYS,BEEF,KG_CAP,2025,5.66480633466139,Malaysia,4.2105,101.9758
MYS,BEEF,KG_CAP,2026,5.7117648420798,Malaysia,4.2105,101.9758
MYS,PIG,KG_CAP,2025,6.37357173429203,Malaysia,4.2105,101.9758
MYS,PIG,KG_CAP,2026,6.37980233788103,Malaysia,4.2105,101.9758
MYS,POULTRY,KG_CAP,2025,43.1362838211899,Malaysia,4.2105,101.9758
MYS,POULTRY,KG_CAP,2026,43.3405368382729,Malaysia,4.2105,101.9758
MYS,SHEEP,KG_CAP,2025,1.18735973620908,Malaysia,4.2105,101.9758
MYS,SHEEP,KG_CAP,2026,1.19292380213432,Malaysia,4.2105,101.9758
MOZ,BEEF,KG_CAP,2025,1.00767136273421,Mozambique,-18.6657,35.5296
MOZ,BEEF,KG_CAP,2026,1.03338025636542,Mozambique,-18.6657,35.5296
MOZ,PIG,KG_CAP,2025,3.99471886050758,Mozambique,-18.6657,35.5296
MOZ,PIG,KG_CAP,2026,4.047988264988629,Mozambique,-18.6657,35.5296
MOZ,POULTRY,KG_CAP,2025,2.13743646603755,Mozambique,-18.6657,35.5296
MOZ,POULTRY,KG_CAP,2026,2.19110557761657,Mozambique,-18.6657,35.5296
MOZ,SHEEP,KG_CAP,2025,0.895601386374034,Mozambique,-18.6657,35.5296
MOZ,SHEEP,KG_CAP,2026,0.914897864932477,Mozambique,-18.6657,35.5296
NGA,BEEF,KG_CAP,2025,1.57567510009961,Nigeria,9.082,8.6753
NGA,BEEF,KG_CAP,2026,1.5744618207364398,Nigeria,9.082,8.6753
NGA,PIG,KG_CAP,2025,1.04935698862008,Nigeria,9.082,8.6753
NGA,PIG,KG_CAP,2026,1.05623435508053,Nigeria,9.082,8.6753
NGA,POULTRY,KG_CAP,2025,0.91207253501158,Nigeria,9.082,8.6753
NGA,POULTRY,KG_CAP,2026,0.911025899009944,Nigeria,9.082,8.6753
NGA,SHEEP,KG_CAP,2025,2.35124934163382,Nigeria,9.082,8.6753
NGA,SHEEP,KG_CAP,2026,2.3512795628663503,Nigeria,9.082,8.6753
PAK,BEEF,KG_CAP,2025,6.41828897026085,Pakistan,30.3753,69.3451
PAK,BEEF,KG_CAP,2026,6.445484181625,Pakistan,30.3753,69.3451
PAK,PIG,KG_CAP,2025,3.0900310931077003e-06,Pakistan,30.3753,69.3451
PAK,PIG,KG_CAP,2026,3.0415688880258e-06,Pakistan,30.3753,69.3451
PAK,POULTRY,KG_CAP,2025,4.67932117368698,Pakistan,30.3753,69.3451
PAK,POULTRY,KG_CAP,2026,4.72759076462557,Pakistan,30.3753,69.3451
PAK,SHEEP,KG_CAP,2025,2.13210871777179,Pakistan,30.3753,69.3451
PAK,SHEEP,KG_CAP,2026,2.14359710379492,Pakistan,30.3753,69.3451
PRY,BEEF,KG_CAP,2025,27.57642709361,Paraguay,-23.4425,-58.4438
PRY,BEEF,KG_CAP,2026,27.8797717386264,Paraguay,-23.4425,-58.4438
PRY,PIG,KG_CAP,2025,21.3224918316327,Paraguay,-23.4425,-58.4438
PRY,PIG,KG_CAP,2026,21.4618450536099,Paraguay,-23.4425,-58.4438
PRY,POULTRY,KG_CAP,2025,6.26411305417498,Paraguay,-23.4425,-58.4438
PRY,POULTRY,KG_CAP,2026,6.31220552392658,Paraguay,-23.4425,-58.4438
PRY,SHEEP,KG_CAP,2025,0.544207404628567,Paraguay,-23.4425,-58.4438
PRY,SHEEP,KG_CAP,2026,0.5489134223226411,Paraguay,-23.4425,-58.4438
PER,BEEF,KG_CAP,2025,4.92185898318501,Peru,-9.19,-75.0152
PER,BEEF,KG_CAP,2026,4.986992734249251,Peru,-9.19,-75.0152
PER,PIG,KG_CAP,2025,3.3031133283371004,Peru,-9.19,-75.0152
PER,PIG,KG_CAP,2026,3.34341290295569,Peru,-9.19,-75.0152
PER,POULTRY,KG_CAP,2025,39.6155403772003,Peru,-9.19,-75.0152
PER,POULTRY,KG_CAP,2026,40.1398554354438,Peru,-9.19,-75.0152
PER,SHEEP,KG_CAP,2025,1.27306943563901,Peru,-9.19,-75.0152
PER,SHEEP,KG_CAP,2026,1.28267756244447,Peru,-9.19,-75.0152
PHL,BEEF,KG_CAP,2025,2.9058413943953503,Philippines,12.8797,121.774
PHL,BEEF,KG_CAP,2026,2.91454771281738,Philippines,12.8797,121.774
PHL,PIG,KG_CAP,2025,14.3492546773021,Philippines,12.8797,121.774
PHL,PIG,KG_CAP,2026,14.406031662077998,Philippines,12.8797,121.774
PHL,POULTRY,KG_CAP,2025,12.8878295474718,Philippines,12.8797,121.774
PHL,POULTRY,KG_CAP,2026,12.9634341255733,Philippines,12.8797,121.774
PHL,SHEEP,KG_CAP,2025,0.506005107546005,Philippines,12.8797,121.774
PHL,SHEEP,KG_CAP,2026,0.508599027864866,Philippines,12.8797,121.774
RUS,BEEF,KG_CAP,2025,10.9560301189222,Russia,61.524,105.3188
RUS,BEEF,KG_CAP,2026,11.1417364741786,Russia,61.524,105.3188
RUS,PIG,KG_CAP,2025,22.1398087918632,Russia,61.524,105.3188
RUS,PIG,KG_CAP,2026,22.2488373603617,Russia,61.524,105.3188
RUS,POULTRY,KG_CAP,2025,30.054976293681804,Russia,61.524,105.3188
RUS,POULTRY,KG_CAP,2026,30.203421435227103,Russia,61.524,105.3188
RUS,SHEEP,KG_CAP,2025,1.23493213500476,Russia,61.524,105.3188
RUS,SHEEP,KG_CAP,2026,1.2448709988800202,Russia,61.524,105.3188
SAU,BEEF,KG_CAP,2025,3.85203197637582,Saudi Arabia,23.8859,45.0792
SAU,BEEF,KG_CAP,2026,3.85382095191255,Saudi Arabia,23.8859,45.0792
SAU,PIG,KG_CAP,2025,0.211687597956401,Saudi Arabia,23.8859,45.0792
SAU,PIG,KG_CAP,2026,0.209017945262488,Saudi Arabia,23.8859,45.0792
SAU,POULTRY,KG_CAP,2025,46.0013376805472,Saudi Arabia,23.8859,45.0792
SAU,POULTRY,KG_CAP,2026,46.2609528230024,Saudi Arabia,23.8859,45.0792
SAU,SHEEP,KG_CAP,2025,5.3445886408611605,Saudi Arabia,23.8859,45.0792
SAU,SHEEP,KG_CAP,2026,5.3653976876578895,Saudi Arabia,23.8859,45.0792
ZAF,BEEF,KG_CAP,2025,11.0502936101339,South Africa,-30.5595,22.9375
ZAF,BEEF,KG_CAP,2026,11.0865719840147,South Africa,-30.5595,22.9375
ZAF,PIG,KG_CAP,2025,3.38797401274177,South Africa,-30.5595,22.9375
ZAF,PIG,KG_CAP,2026,3.39932065634571,South Africa,-30.5595,22.9375
ZAF,POULTRY,KG_CAP,2025,33.7797689305675,South Africa,-30.5595,22.9375
ZAF,POULTRY,KG_CAP,2026,33.9562203250349,South Africa,-30.5595,22.9375
ZAF,SHEEP,KG_CAP,2025,3.02829208376834,South Africa,-30.5595,22.9375
ZAF,SHEEP,KG_CAP,2026,3.04301479561871,South Africa,-30.5595,22.9375
SDN,BEEF,KG_CAP,2025,0.005355259243,Sudan,12.8628,30.2176
SDN,BEEF,KG_CAP,2026,0.0052472318409999,Sudan,12.8628,30.2176
SDN,PIG,KG_CAP,2025,1.3495e-08,Sudan,12.8628,30.2176
SDN,PIG,KG_CAP,2026,1.32e-08,Sudan,12.8628,30.2176
SDN,POULTRY,KG_CAP,2025,0.001102060452,Sudan,12.8628,30.2176
SDN,POULTRY,KG_CAP,2026,0.001112408654,Sudan,12.8628,30.2176
SDN,SHEEP,KG_CAP,2025,0.008624344747,Sudan,12.8628,30.2176
SDN,SHEEP,KG_CAP,2026,0.008617832365,Sudan,12.8628,30.2176
TZA,BEEF,KG_CAP,2025,4.16962898835946,Tanzania,-6.369,34.8888
TZA,BEEF,KG_CAP,2026,4.19122557572821,Tanzania,-6.369,34.8888
TZA,PIG,KG_CAP,2025,0.205085590371175,Tanzania,-6.369,34.8888
TZA,PIG,KG_CAP,2026,0.201911426873154,Tanzania,-6.369,34.8888
TZA,POULTRY,KG_CAP,2025,1.56501670562771,Tanzania,-6.369,34.8888
TZA,POULTRY,KG_CAP,2026,1.5893127688987905,Tanzania,-6.369,34.8888
TZA,SHEEP,KG_CAP,2025,1.2461387417975802,Tanzania,-6.369,34.8888
TZA,SHEEP,KG_CAP,2026,1.27297365705047,Tanzania,-6.369,34.8888
THA,BEEF,KG_CAP,2025,1.86475372609,Thailand,15.87,100.9925
THA,BEEF,KG_CAP,2026,1.8572872691426496,Thailand,15.87,100.9925
THA,PIG,KG_CAP,2025,11.5515289979379,Thailand,15.87,100.9925
THA,PIG,KG_CAP,2026,11.6090002265796,Thailand,15.87,100.9925
THA,POULTRY,KG_CAP,2025,10.1670237761184,Thailand,15.87,100.9925
THA,POULTRY,KG_CAP,2026,10.1962209748552,Thailand,15.87,100.9925
THA,SHEEP,KG_CAP,2025,0.0541736525980481,Thailand,15.87,100.9925
THA,SHEEP,KG_CAP,2026,0.0544977258526741,Thailand,15.87,100.9925
UKR,BEEF,KG_CAP,2025,6.503121314544719,Ukraine,48.3794,31.1656
UKR,BEEF,KG_CAP,2026,6.597882546244611,Ukraine,48.3794,31.1656
UKR,PIG,KG_CAP,2025,14.40346516495,Ukraine,48.3794,31.1656
UKR,PIG,KG_CAP,2026,14.7230707597346,Ukraine,48.3794,31.1656
UKR,POULTRY,KG_CAP,2025,26.389163561713,Ukraine,48.3794,31.1656
UKR,POULTRY,KG_CAP,2026,26.7449049123202,Ukraine,48.3794,31.1656
UKR,SHEEP,KG_CAP,2025,0.4641712137794099,Ukraine,48.3794,31.1656
UKR,SHEEP,KG_CAP,2026,0.47623243916865,Ukraine,48.3794,31.1656
URY,BEEF,KG_CAP,2025,45.0273301955739,Uruguay,-32.5228,-55.7658
URY,BEEF,KG_CAP,2026,45.1791855198533,Uruguay,-32.5228,-55.7658
URY,PIG,KG_CAP,2025,15.4658536479003,Uruguay,-32.5228,-55.7658
URY,PIG,KG_CAP,2026,15.5793766053286,Uruguay,-32.5228,-55.7658
URY,POULTRY,KG_CAP,2025,16.927894538345,Uruguay,-32.5228,-55.7658
URY,POULTRY,KG_CAP,2026,17.0264658483472,Uruguay,-32.5228,-55.7658
URY,SHEEP,KG_CAP,2025,6.91371798936955,Uruguay,-32.5228,-55.7658
URY,SHEEP,KG_CAP,2026,6.962797849917769,Uruguay,-32.5228,-55.7658
VNM,BEEF,KG_CAP,2025,10.447376225646,Vietnam,14.0583,108.2772
VNM,BEEF,KG_CAP,2026,10.5653542481392,Vietnam,14.0583,108.2772
VNM,PIG,KG_CAP,2025,30.877017620106898,Vietnam,14.0583,108.2772
VNM,PIG,KG_CAP,2026,31.104039601599897,Vietnam,14.0583,108.2772
VNM,POULTRY,KG_CAP,2025,16.7658009494441,Vietnam,14.0583,108.2772
VNM,POULTRY,KG_CAP,2026,17.2222910397822,Vietnam,14.0583,108.2772
VNM,SHEEP,KG_CAP,2025,0.140678464277583,Vietnam,14.0583,108.2772
VNM,SHEEP,KG_CAP,2026,0.144524317359814,Vietnam,14.0583,108.2772
ZMB,BEEF,KG_CAP,2025,9.499762211767733,Zambia,-13.1339,27.8493
ZMB,BEEF,KG_CAP,2026,9.5998737178103,Zambia,-13.1339,27.8493
ZMB,PIG,KG_CAP,2025,1.6003901688727098,Zambia,-13.1339,27.8493
ZMB,PIG,KG_CAP,2026,1.6226989688493,Zambia,-13.1339,27.8493
ZMB,POULTRY,KG_CAP,2025,2.7207226934822297,Zambia,-13.1339,27.8493
ZMB,POULTRY,KG_CAP,2026,2.75268568225326,Zambia,-13.1339,27.8493
ZMB,SHEEP,KG_CAP,2025,0.5579307981422379,Zambia,-13.1339,27.8493
ZMB,SHEEP,KG_CAP,2026,0.564595177555492,Zambia,-13.1339,27.8493
WLD,BEEF,KG_CAP,2025,6.480519239824849,World,0.0,0.0
WLD,BEEF,KG_CAP,2026,6.494590462785539,World,0.0,0.0
WLD,PIG,KG_CAP,2025,12.1651912894083,World,0.0,0.0
WLD,PIG,KG_CAP,2026,12.1360955971926,World,0.0,0.0
WLD,POULTRY,KG_CAP,2025,14.1121309171785,World,0.0,0.0
WLD,POULTRY,KG_CAP,2026,14.1307872498916,World,0.0,0.0
WLD,SHEEP,KG_CAP,2025,1.86757049566795,World,0.0,0.0
WLD,SHEEP,KG_CAP,2026,1.88061732564498,World,0.0,0.0
SSA,BEEF,KG_CAP,2025,2.98585066277294,Sub-Saharan Africa,0.0,20.0
SSA,BEEF,KG_CAP,2026,2.98608169405361,Sub-Saharan Africa,0.0,20.0
SSA,PIG,KG_CAP,2025,1.05801291503059,Sub-Saharan Africa,0.0,20.0
SSA,PIG,KG_CAP,2026,1.05933696600406,Sub-Saharan Africa,0.0,20.0
SSA,POULTRY,KG_CAP,2025,2.11499526360889,Sub-Saharan Africa,0.0,20.0
SSA,POULTRY,KG_CAP,2026,2.11700145216853,Sub-Saharan Africa,0.0,20.0
SSA,SHEEP,KG_CAP,2025,1.992959094971,Sub-Saharan Africa,0.0,20.0
SSA,SHEEP,KG_CAP,2026,1.99749116296883,Sub-Saharan Africa,0.0,20.0
OECD,BEEF,KG_CAP,2025,14.5012029357936,OECD Countries,0.0,0.0
OECD,BEEF,KG_CAP,2026,14.527924371319,OECD Countries,0.0,0.0
OECD,PIG,KG_CAP,2025,23.4796495109986,OECD Countries,0.0,0.0
OECD,PIG,KG_CAP,2026,23.3896304702244,OECD Countries,0.0,0.0
OECD,POULTRY,KG_CAP,2025,30.8351615169449,OECD Countries,0.0,0.0
OECD,POULTRY,KG_CAP,2026,30.8461440486566,OECD Countries,0.0,0.0
OECD,SHEEP,KG_CAP,2025,1.45224500348504,OECD Countries,0.0,0.0
OECD,SHEEP,KG_CAP,2026,1.458734483245,OECD Countries,0.0,0.0
BRICS,BEEF,KG_CAP,2025,4.65262978718799,BRICS Countries,0.0,0.0
BRICS,BEEF,KG_CAP,2026,4.68976304809834,BRICS Countries,0.0,0.0
BRICS,PIG,KG_CAP,2025,16.1208015103995,BRICS Countries,0.0,0.0
BRICS,PIG,KG_CAP,2026,16.1863140035391,BRICS Countries,0.0,0.0
BRICS,POULTRY,KG_CAP,2025,11.4329404551117,BRICS Countries,0.0,0.0
BRICS,POULTRY,KG_CAP,2026,11.4985180701321,BRICS Countries,0.0,0.0
BRICS,SHEEP,KG_CAP,2025,1.8892883144476296,BRICS Countries,0.0,0.0
BRICS,SHEEP,KG_CAP,2026,1.90204765914882,BRICS Countries,0.0,0.0
EU28,BEEF,KG_CAP,2025,10.3762390149658,European Union,50.8467,4.3499
EU28,BEEF,KG_CAP,2026,10.3938020310425,European Union,50.8467,4.3499
EU28,PIG,KG_CAP,2025,32.2346116619354,European Union,50.8467,4.3499
EU28,PIG,KG_CAP,2026,32.046867695534104,European Union,50.8467,4.3499
EU28,POULTRY,KG_CAP,2025,24.7729304490495,European Union,50.8467,4.3499
EU28,POULTRY,KG_CAP,2026,24.7520231918249,European Union,50.8467,4.3499
EU28,SHEEP,KG_CAP,2025,2.03410460037037,European Union,50.8467,4.3499
EU28,SHEEP,KG_CAP,2026,2.04349816439194,European Union,50.8467,4.3499
KOR,SHEEP,THND_TONNE,2025,11.89991,South Korea,35.9078,127.7669
KOR,SHEEP,THND_TONNE,2026,11.99991,South Korea,35.9078,127.7669
ZAF,SHEEP,THND_TONNE,2025,201.093047574436,South Africa,-30.5595,22.9375
ZAF,SHEEP,THND_TONNE,2026,203.20619996383095,South Africa,-30.5595,22.9375
KOR,PIG,THND_TONNE,2025,1961.1330828557,South Korea,35.9078,127.7669
KOR,PIG,THND_TONNE,2026,1973.68209247322,South Korea,35.9078,127.7669
MOZ,POULTRY,THND_TONNE,2025,88.561546682719,Mozambique,-18.6657,35.5296
MOZ,POULTRY,THND_TONNE,2026,93.161078364123,Mozambique,-18.6657,35.5296
EU28,SHEEP,THND_TONNE,2025,1177.09203960666,European Union,50.8467,4.3499
EU28,SHEEP,THND_TONNE,2026,1182.77494948916,European Union,50.8467,4.3499
ZMB,BEEF,THND_TONNE,2025,297.104927462147,Zambia,-13.1339,27.8493
ZMB,BEEF,THND_TONNE,2026,309.155567477841,Zambia,-13.1339,27.8493
IND,SHEEP,THND_TONNE,2025,740.4507595505361,India,20.5937,78.9629
IND,SHEEP,THND_TONNE,2026,744.4201482870919,India,20.5937,78.9629
NOR,PIG,THND_TONNE,2025,145.8,Norway,60.472,8.4689
NOR,PIG,THND_TONNE,2026,147.3,Norway,60.472,8.4689
ETH,SHEEP,THND_TONNE,2025,182.255802541472,Ethiopia,9.145,40.4897
ETH,SHEEP,THND_TONNE,2026,187.59887923012,Ethiopia,9.145,40.4897
IND,POULTRY,THND_TONNE,2025,3766.33889202867,India,20.5937,78.9629
IND,POULTRY,THND_TONNE,2026,3860.0912487572496,India,20.5937,78.9629
UKR,BEEF,THND_TONNE,2025,393.656508290527,Ukraine,48.3794,31.1656
UKR,BEEF,THND_TONNE,2026,396.7176702515261,Ukraine,48.3794,31.1656
URY,SHEEP,THND_TONNE,2025,27.889545544231,Uruguay,-32.5228,-55.7658
URY,SHEEP,THND_TONNE,2026,28.166178879677,Uruguay,-32.5228,-55.7658
URY,PIG,THND_TONNE,2025,70.386884473169,Uruguay,-32.5228,-55.7658
URY,PIG,THND_TONNE,2026,71.102077735147,Uruguay,-32.5228,-55.7658
SSA,POULTRY,THND_TONNE,2025,2961.18287743487,Sub-Saharan Africa,0.0,20.0
SSA,POULTRY,THND_TONNE,2026,3038.911103500589,Sub-Saharan Africa,0.0,20.0
ETH,POULTRY,THND_TONNE,2025,78.880847339819,Ethiopia,9.145,40.4897
ETH,POULTRY,THND_TONNE,2026,80.865782786079,Ethiopia,9.145,40.4897
BGD,PIG,THND_TONNE,2025,0.0009,Bangladesh,23.685,90.3563
BGD,PIG,THND_TONNE,2026,0.0009,Bangladesh,23.685,90.3563
GHA,BEEF,THND_TONNE,2025,35.760118120192,Ghana,7.9465,-1.0232
GHA,BEEF,THND_TONNE,2026,36.075968537517,Ghana,7.9465,-1.0232
SAU,POULTRY,THND_TONNE,2025,1926.13612406898,Saudi Arabia,23.8859,45.0792
SAU,POULTRY,THND_TONNE,2026,1961.7466966460504,Saudi Arabia,23.8859,45.0792
ETH,BEEF,THND_TONNE,2025,493.586374285273,Ethiopia,9.145,40.4897
ETH,BEEF,THND_TONNE,2026,512.68418108797,Ethiopia,9.145,40.4897
RUS,POULTRY,THND_TONNE,2025,4822.63648941895,Russia,61.524,105.3188
RUS,POULTRY,THND_TONNE,2026,4830.898803334961,Russia,61.524,105.3188
THA,PIG,THND_TONNE,2025,1016.48449519287,Thailand,15.87,100.9925
THA,PIG,THND_TONNE,2026,1020.8880382586,Thailand,15.87,100.9925
NOR,POULTRY,THND_TONNE,2025,115.3,Norway,60.472,8.4689
NOR,POULTRY,THND_TONNE,2026,117.3,Norway,60.472,8.4689
URY,POULTRY,THND_TONNE,2025,68.286164755494,Uruguay,-32.5228,-55.7658
URY,POULTRY,THND_TONNE,2026,68.87611749045999,Uruguay,-32.5228,-55.7658
THA,SHEEP,THND_TONNE,2025,4.225336826573,Thailand,15.87,100.9925
THA,SHEEP,THND_TONNE,2026,4.247893363744001,Thailand,15.87,100.9925
BGD,SHEEP,THND_TONNE,2025,280.626530539263,Bangladesh,23.685,90.3563
BGD,SHEEP,THND_TONNE,2026,287.802535844825,Bangladesh,23.685,90.3563
NOR,BEEF,THND_TONNE,2025,109.6,Norway,60.472,8.4689
NOR,BEEF,THND_TONNE,2026,110.2,Norway,60.472,8.4689
ETH,PIG,THND_TONNE,2025,2.9994434882160004,Ethiopia,9.145,40.4897
ETH,PIG,THND_TONNE,2026,3.13524559841,Ethiopia,9.145,40.4897
EU28,POULTRY,THND_TONNE,2025,14335.5554203044,European Union,50.8467,4.3499
EU28,POULTRY,THND_TONNE,2026,14326.4493654079,European Union,50.8467,4.3499
MOZ,SHEEP,THND_TONNE,2025,37.107930574194,Mozambique,-18.6657,35.5296
MOZ,SHEEP,THND_TONNE,2026,38.899481869266,Mozambique,-18.6657,35.5296
MOZ,PIG,THND_TONNE,2025,186.735232922546,Mozambique,-18.6657,35.5296
MOZ,PIG,THND_TONNE,2026,194.177326315814,Mozambique,-18.6657,35.5296
KAZ,BEEF,THND_TONNE,2025,499.1123358714541,Kazakhstan,48.0196,66.9237
KAZ,BEEF,THND_TONNE,2026,507.787623334682,Kazakhstan,48.0196,66.9237
KOR,BEEF,THND_TONNE,2025,792.537161362339,South Korea,35.9078,127.7669
KOR,BEEF,THND_TONNE,2026,799.288700761924,South Korea,35.9078,127.7669
NOR,SHEEP,THND_TONNE,2025,29.35,Norway,60.472,8.4689
NOR,SHEEP,THND_TONNE,2026,29.55,Norway,60.472,8.4689
TZA,BEEF,THND_TONNE,2025,429.0717396826551,Tanzania,-6.369,34.8888
TZA,BEEF,THND_TONNE,2026,443.779118512272,Tanzania,-6.369,34.8888
BGD,POULTRY,THND_TONNE,2025,293.186769383251,Bangladesh,23.685,90.3563
BGD,POULTRY,THND_TONNE,2026,294.5983283442,Bangladesh,23.685,90.3563
THA,POULTRY,THND_TONNE,2025,792.988803923188,Thailand,15.87,100.9925
THA,POULTRY,THND_TONNE,2026,794.7571891613111,Thailand,15.87,100.9925
ZAF,POULTRY,THND_TONNE,2025,2243.13787861412,South Africa,-30.5595,22.9375
ZAF,POULTRY,THND_TONNE,2026,2267.5257798022,South Africa,-30.5595,22.9375
ISR,SHEEP,THND_TONNE,2025,19.374196391177,Israel,31.0461,34.8516
ISR,SHEEP,THND_TONNE,2026,19.656451117604,Israel,31.0461,34.8516
EGY,BEEF,THND_TONNE,2025,1409.59502928448,Egypt,26.8206,30.8025
EGY,BEEF,THND_TONNE,2026,1434.4107545600302,Egypt,26.8206,30.8025
ZMB,POULTRY,THND_TONNE,2025,67.68567540890099,Zambia,-13.1339,27.8493
ZMB,POULTRY,THND_TONNE,2026,70.515330158648,Zambia,-13.1339,27.8493
ISR,PIG,THND_TONNE,2025,17.0,Israel,31.0461,34.8516
ISR,PIG,THND_TONNE,2026,17.0,Israel,31.0461,34.8516
GHA,POULTRY,THND_TONNE,2025,267.616529833646,Ghana,7.9465,-1.0232
GHA,POULTRY,THND_TONNE,2026,276.867584805377,Ghana,7.9465,-1.0232
SDN,SHEEP,THND_TONNE,2025,575.167124198881,Sudan,12.8628,30.2176
SDN,SHEEP,THND_TONNE,2026,587.573634962781,Sudan,12.8628,30.2176
RUS,SHEEP,THND_TONNE,2025,198.15782644559897,Russia,61.524,105.3188
RUS,SHEEP,THND_TONNE,2026,199.111409669031,Russia,61.524,105.3188
KAZ,PIG,THND_TONNE,2025,116.314492782455,Kazakhstan,48.0196,66.9237
KAZ,PIG,THND_TONNE,2026,118.30599533783,Kazakhstan,48.0196,66.9237
USA,BEEF,THND_TONNE,2025,12739.9510919902,United States,37.0902,-95.7129
USA,BEEF,THND_TONNE,2026,12825.8874717441,United States,37.0902,-95.7129
TZA,PIG,THND_TONNE,2025,18.939612201939003,Tanzania,-6.369,34.8888
TZA,PIG,THND_TONNE,2026,19.18625281324,Tanzania,-6.369,34.8888
NGA,BEEF,THND_TONNE,2025,525.730052242548,Nigeria,9.082,8.6753
NGA,BEEF,THND_TONNE,2026,537.965151371311,Nigeria,9.082,8.6753
SSA,SHEEP,THND_TONNE,2025,2790.3213066237604,Sub-Saharan Africa,0.0,20.0
SSA,SHEEP,THND_TONNE,2026,2867.35659442857,Sub-Saharan Africa,0.0,20.0
SDN,PIG,THND_TONNE,2025,0.0009,Sudan,12.8628,30.2176
SDN,PIG,THND_TONNE,2026,0.0009,Sudan,12.8628,30.2176
VNM,PIG,THND_TONNE,2025,4041.42949882375,Vietnam,14.0583,108.2772
VNM,PIG,THND_TONNE,2026,4098.48957511166,Vietnam,14.0583,108.2772
RUS,BEEF,THND_TONNE,2025,2210.0697877623,Russia,61.524,105.3188
RUS,BEEF,THND_TONNE,2026,2240.3161619922103,Russia,61.524,105.3188
NGA,POULTRY,THND_TONNE,2025,242.069948170169,Nigeria,9.082,8.6753
NGA,POULTRY,THND_TONNE,2026,247.609954893825,Nigeria,9.082,8.6753
EU28,PIG,THND_TONNE,2025,21044.938098566498,European Union,50.8467,4.3499
EU28,PIG,THND_TONNE,2026,20926.7373120846,European Union,50.8467,4.3499
SSA,BEEF,THND_TONNE,2025,5255.43350123003,Sub-Saharan Africa,0.0,20.0
SSA,BEEF,THND_TONNE,2026,5388.68946649394,Sub-Saharan Africa,0.0,20.0
ZMB,PIG,THND_TONNE,2025,44.918622779672006,Zambia,-13.1339,27.8493
ZMB,PIG,THND_TONNE,2026,46.897851740876,Zambia,-13.1339,27.8493
GHA,SHEEP,THND_TONNE,2025,67.358551051806,Ghana,7.9465,-1.0232
GHA,SHEEP,THND_TONNE,2026,69.72635277951899,Ghana,7.9465,-1.0232
NGA,SHEEP,THND_TONNE,2025,624.03677823411,Nigeria,9.082,8.6753
NGA,SHEEP,THND_TONNE,2026,639.060016994924,Nigeria,9.082,8.6753
NGA,PIG,THND_TONNE,2025,314.212043907002,Nigeria,9.082,8.6753
NGA,PIG,THND_TONNE,2026,323.881197470667,Nigeria,9.082,8.6753
ISR,POULTRY,THND_TONNE,2025,604.521872261485,Israel,31.0461,34.8516
ISR,POULTRY,THND_TONNE,2026,613.302442408145,Israel,31.0461,34.8516
GHA,PIG,THND_TONNE,2025,40.245132488785,Ghana,7.9465,-1.0232
GHA,PIG,THND_TONNE,2026,41.648660695477,Ghana,7.9465,-1.0232
NZL,POULTRY,THND_TONNE,2025,217.09573060432,New Zealand,-40.9006,174.886
NZL,POULTRY,THND_TONNE,2026,217.966842427268,New Zealand,-40.9006,174.886
NZL,BEEF,THND_TONNE,2025,87.65753185859501,New Zealand,-40.9006,174.886
NZL,BEEF,THND_TONNE,2026,87.830475741798,New Zealand,-40.9006,174.886
ZMB,SHEEP,THND_TONNE,2025,13.880107294342,Zambia,-13.1339,27.8493
ZMB,SHEEP,THND_TONNE,2026,14.463189752459,Zambia,-13.1339,27.8493
EU28,BEEF,THND_TONNE,2025,7548.51878044771,European Union,50.8467,4.3499
EU28,BEEF,THND_TONNE,2026,7562.875283531079,European Union,50.8467,4.3499
TZA,SHEEP,THND_TONNE,2025,102.003309779212,Tanzania,-6.369,34.8888
TZA,SHEEP,THND_TONNE,2026,107.216249661905,Tanzania,-6.369,34.8888
VNM,BEEF,THND_TONNE,2025,1523.71400293483,Vietnam,14.0583,108.2772
VNM,BEEF,THND_TONNE,2026,1551.27096684176,Vietnam,14.0583,108.2772
KAZ,SHEEP,THND_TONNE,2025,182.055071112436,Kazakhstan,48.0196,66.9237
KAZ,SHEEP,THND_TONNE,2026,185.710519346264,Kazakhstan,48.0196,66.9237
NZL,SHEEP,THND_TONNE,2025,23.406761173978,New Zealand,-40.9006,174.886
NZL,SHEEP,THND_TONNE,2026,23.336266198838,New Zealand,-40.9006,174.886
SDN,BEEF,THND_TONNE,2025,357.148183269889,Sudan,12.8628,30.2176
SDN,BEEF,THND_TONNE,2026,357.76224876591795,Sudan,12.8628,30.2176
SSA,PIG,THND_TONNE,2025,1671.22478927697,Sub-Saharan Africa,0.0,20.0
SSA,PIG,THND_TONNE,2026,1715.61184845444,Sub-Saharan Africa,0.0,20.0
EGY,PIG,THND_TONNE,2025,22.957231403282,Egypt,26.8206,30.8025
EGY,PIG,THND_TONNE,2026,23.278379330293003,Egypt,26.8206,30.8025
VNM,POULTRY,THND_TONNE,2025,1945.07296592184,Vietnam,14.0583,108.2772
VNM,POULTRY,THND_TONNE,2026,2011.45301850977,Vietnam,14.0583,108.2772
NZL,PIG,THND_TONNE,2025,117.226254969432,New Zealand,-40.9006,174.886
NZL,PIG,THND_TONNE,2026,118.679680996106,New Zealand,-40.9006,174.886
VNM,SHEEP,THND_TONNE,2025,16.320716116029,Vietnam,14.0583,108.2772
VNM,SHEEP,THND_TONNE,2026,16.879512355816,Vietnam,14.0583,108.2772
KAZ,POULTRY,THND_TONNE,2025,325.858258927346,Kazakhstan,48.0196,66.9237
KAZ,POULTRY,THND_TONNE,2026,331.833200936792,Kazakhstan,48.0196,66.9237
TZA,POULTRY,THND_TONNE,2025,128.10522494750902,Tanzania,-6.369,34.8888
TZA,POULTRY,THND_TONNE,2026,133.859922141618,Tanzania,-6.369,34.8888
RUS,PIG,THND_TONNE,2025,4008.021784447871,Russia,61.524,105.3188
RUS,PIG,THND_TONNE,2026,4014.83025600661,Russia,61.524,105.3188
PER,POULTRY,THND_TONNE,2025,1582.45491513534,Peru,-9.19,-75.0152
PER,POULTRY,THND_TONNE,2026,1619.46892335679,Peru,-9.19,-75.0152
TUR,POULTRY,THND_TONNE,2025,1769.1409009284805,Turkey,38.9637,35.2433
TUR,POULTRY,THND_TONNE,2026,1791.2507520185102,Turkey,38.9637,35.2433
JPN,PIG,THND_TONNE,2025,2437.26199970888,Japan,36.2048,138.2529
JPN,PIG,THND_TONNE,2026,2437.88216954384,Japan,36.2048,138.2529
BRA,SHEEP,THND_TONNE,2025,93.214218432839,Brazil,-14.235,-51.9253
BRA,SHEEP,THND_TONNE,2026,92.199275003571,Brazil,-14.235,-51.9253
EGY,POULTRY,THND_TONNE,2025,1140.85102522246,Egypt,26.8206,30.8025
EGY,POULTRY,THND_TONNE,2026,1155.9036662495,Egypt,26.8206,30.8025
BRA,PIG,THND_TONNE,2025,3846.58659372008,Brazil,-14.235,-51.9253
BRA,PIG,THND_TONNE,2026,3902.8012636583694,Brazil,-14.235,-51.9253
USA,SHEEP,THND_TONNE,2025,144.591189076317,United States,37.0902,-95.7129
USA,SHEEP,THND_TONNE,2026,145.504282337057,United States,37.0902,-95.7129
TUR,BEEF,THND_TONNE,2025,1060.93510368696,Turkey,38.9637,35.2433
TUR,BEEF,THND_TONNE,2026,1076.26184247746,Turkey,38.9637,35.2433
USA,PIG,THND_TONNE,2025,10476.3952186883,United States,37.0902,-95.7129
USA,PIG,THND_TONNE,2026,10515.1501741218,United States,37.0902,-95.7129
DZA,SHEEP,THND_TONNE,2025,390.471939308066,Algeria,28.0339,1.6596
DZA,SHEEP,THND_TONNE,2026,398.336364751008,Algeria,28.0339,1.6596
IDN,BEEF,THND_TONNE,2025,865.812609706648,Indonesia,-0.7893,113.9213
IDN,BEEF,THND_TONNE,2026,888.7272811203999,Indonesia,-0.7893,113.9213
ARG,POULTRY,THND_TONNE,2025,2050.0,Argentina,-38.4161,-63.6167
ARG,POULTRY,THND_TONNE,2026,2065.0,Argentina,-38.4161,-63.6167
PER,BEEF,THND_TONNE,2025,247.160781621788,Peru,-9.19,-75.0152
PER,BEEF,THND_TONNE,2026,252.941553850682,Peru,-9.19,-75.0152
ARG,BEEF,THND_TONNE,2025,2556.2768589689604,Argentina,-38.4161,-63.6167
ARG,BEEF,THND_TONNE,2026,2578.17735624185,Argentina,-38.4161,-63.6167
HTI,SHEEP,THND_TONNE,2025,8.679180401532001,Haiti,18.9712,-72.2852
HTI,SHEEP,THND_TONNE,2026,8.897745015161,Haiti,18.9712,-72.2852
USA,POULTRY,THND_TONNE,2025,19005.702189738106,United States,37.0902,-95.7129
USA,POULTRY,THND_TONNE,2026,19046.522746473,United States,37.0902,-95.7129
HTI,POULTRY,THND_TONNE,2025,103.77379998971,Haiti,18.9712,-72.2852
HTI,POULTRY,THND_TONNE,2026,106.530626056185,Haiti,18.9712,-72.2852
COL,PIG,THND_TONNE,2025,321.998962894888,Colombia,4.5709,-74.2973
COL,PIG,THND_TONNE,2026,325.902309333551,Colombia,4.5709,-74.2973
ARG,SHEEP,THND_TONNE,2025,64.65803506365,Argentina,-38.4161,-63.6167
ARG,SHEEP,THND_TONNE,2026,65.091410762849,Argentina,-38.4161,-63.6167
ISR,BEEF,THND_TONNE,2025,270.783743385597,Israel,31.0461,34.8516
ISR,BEEF,THND_TONNE,2026,274.33683552997,Israel,31.0461,34.8516
HTI,BEEF,THND_TONNE,2025,60.530077665693,Haiti,18.9712,-72.2852
HTI,BEEF,THND_TONNE,2026,61.449712591537,Haiti,18.9712,-72.2852
DZA,PIG,THND_TONNE,2025,3.0,Algeria,28.0339,1.6596
DZA,PIG,THND_TONNE,2026,3.0,Algeria,28.0339,1.6596
TUR,PIG,THND_TONNE,2025,9.0,Turkey,38.9637,35.2433
TUR,PIG,THND_TONNE,2026,9.0,Turkey,38.9637,35.2433
BRA,POULTRY,THND_TONNE,2025,10128.4420237527,Brazil,-14.235,-51.9253
BRA,POULTRY,THND_TONNE,2026,10146.7239051624,Brazil,-14.235,-51.9253
PER,PIG,THND_TONNE,2025,148.859756811504,Peru,-9.19,-75.0152
PER,PIG,THND_TONNE,2026,152.186068616489,Peru,-9.19,-75.0152
PER,SHEEP,THND_TONNE,2025,50.85314920745,Peru,-9.19,-75.0152
PER,SHEEP,THND_TONNE,2026,51.750471657943,Peru,-9.19,-75.0152
MYS,BEEF,THND_TONNE,2025,277.847016473448,Malaysia,4.2105,101.9758
MYS,BEEF,THND_TONNE,2026,283.188811290473,Malaysia,4.2105,101.9758
BRA,BEEF,THND_TONNE,2025,8288.43160324005,Brazil,-14.235,-51.9253
BRA,BEEF,THND_TONNE,2026,8383.55827336372,Brazil,-14.235,-51.9253
TUR,SHEEP,THND_TONNE,2025,409.99816106823897,Turkey,38.9637,35.2433
TUR,SHEEP,THND_TONNE,2026,415.663437064707,Turkey,38.9637,35.2433
IRN,BEEF,THND_TONNE,2025,412.116149967566,Iran,32.4279,53.688
IRN,BEEF,THND_TONNE,2026,416.619984371633,Iran,32.4279,53.688
ARG,PIG,THND_TONNE,2025,558.691053573622,Argentina,-38.4161,-63.6167
ARG,PIG,THND_TONNE,2026,565.840399047784,Argentina,-38.4161,-63.6167
SDN,POULTRY,THND_TONNE,2025,73.497634837096,Sudan,12.8628,30.2176
SDN,POULTRY,THND_TONNE,2026,75.845290151342,Sudan,12.8628,30.2176
COL,BEEF,THND_TONNE,2025,851.205234192289,Colombia,4.5709,-74.2973
COL,BEEF,THND_TONNE,2026,855.7424051854939,Colombia,4.5709,-74.2973
IDN,PIG,THND_TONNE,2025,887.348202690568,Indonesia,-0.7893,113.9213
IDN,PIG,THND_TONNE,2026,906.546224663439,Indonesia,-0.7893,113.9213
EGY,SHEEP,THND_TONNE,2025,176.63608219331903,Egypt,26.8206,30.8025
EGY,SHEEP,THND_TONNE,2026,181.344205926976,Egypt,26.8206,30.8025
COL,POULTRY,THND_TONNE,2025,1739.01217564362,Colombia,4.5709,-74.2973
COL,POULTRY,THND_TONNE,2026,1767.6334486816395,Colombia,4.5709,-74.2973
HTI,PIG,THND_TONNE,2025,54.065261258004,Haiti,18.9712,-72.2852
HTI,PIG,THND_TONNE,2026,55.23866887177101,Haiti,18.9712,-72.2852
COL,SHEEP,THND_TONNE,2025,13.557210378003,Colombia,4.5709,-74.2973
COL,SHEEP,THND_TONNE,2026,13.698860007468,Colombia,4.5709,-74.2973
JPN,BEEF,THND_TONNE,2025,1194.7481258042098,Japan,36.2048,138.2529
JPN,BEEF,THND_TONNE,2026,1196.22127148555,Japan,36.2048,138.2529
DZA,POULTRY,THND_TONNE,2025,331.41405456037,Algeria,28.0339,1.6596
DZA,POULTRY,THND_TONNE,2026,336.548164909903,Algeria,28.0339,1.6596
MYS,PIG,THND_TONNE,2025,280.547876689618,Malaysia,4.2105,101.9758
MYS,PIG,THND_TONNE,2026,283.867996346614,Malaysia,4.2105,101.9758
CHE,BEEF,THND_TONNE,2025,182.291750018375,Switzerland,46.8182,8.2275
CHE,BEEF,THND_TONNE,2026,183.302576807264,Switzerland,46.8182,8.2275
OECD,PIG,THND_TONNE,2025,40818.4565940543,OECD Countries,0.0,0.0
OECD,PIG,THND_TONNE,2026,40801.9627284279,OECD Countries,0.0,0.0
OECD,SHEEP,THND_TONNE,2025,2237.7769240955,OECD Countries,0.0,0.0
OECD,SHEEP,THND_TONNE,2026,2255.5158029425,OECD Countries,0.0,0.0
PAK,POULTRY,THND_TONNE,2025,1208.02089222542,Pakistan,30.3753,69.3451
PAK,POULTRY,THND_TONNE,2026,1239.92854545644,Pakistan,30.3753,69.3451
THA,BEEF,THND_TONNE,2025,182.843418416033,Thailand,15.87,100.9925
THA,BEEF,THND_TONNE,2026,181.99478352303,Thailand,15.87,100.9925
JPN,SHEEP,THND_TONNE,2025,17.457199835329,Japan,36.2048,138.2529
JPN,SHEEP,THND_TONNE,2026,16.978694497611002,Japan,36.2048,138.2529
SAU,BEEF,THND_TONNE,2025,202.764084607894,Saudi Arabia,23.8859,45.0792
SAU,BEEF,THND_TONNE,2026,205.449231966104,Saudi Arabia,23.8859,45.0792
CAN,POULTRY,THND_TONNE,2025,1571.34180812824,Canada,56.1304,-106.3468
CAN,POULTRY,THND_TONNE,2026,1588.07066627645,Canada,56.1304,-106.3468
CHL,BEEF,THND_TONNE,2025,512.420447052568,Chile,-35.6751,-71.543
CHL,BEEF,THND_TONNE,2026,516.122299677629,Chile,-35.6751,-71.543
PHL,BEEF,THND_TONNE,2025,482.167923052817,Philippines,12.8797,121.774
PHL,BEEF,THND_TONNE,2026,489.918899239034,Philippines,12.8797,121.774
AUS,PIG,THND_TONNE,2025,726.872387920166,Australia,-25.2744,133.7751
AUS,PIG,THND_TONNE,2026,736.726096552272,Australia,-25.2744,133.7751
CHN,PIG,THND_TONNE,2025,59636.1662433217,China,35.8617,104.1954
CHN,PIG,THND_TONNE,2026,60167.219667728496,China,35.8617,104.1954
MOZ,BEEF,THND_TONNE,2025,52.487456384353,Mozambique,-18.6657,35.5296
MOZ,BEEF,THND_TONNE,2026,55.235208082988,Mozambique,-18.6657,35.5296
CHL,POULTRY,THND_TONNE,2025,786.4572305766451,Chile,-35.6751,-71.543
CHL,POULTRY,THND_TONNE,2026,794.7334044048121,Chile,-35.6751,-71.543
PHL,POULTRY,THND_TONNE,2025,1701.06755102297,Philippines,12.8797,121.774
PHL,POULTRY,THND_TONNE,2026,1733.3587489640802,Philippines,12.8797,121.774
UKR,SHEEP,THND_TONNE,2025,22.350598221701,Ukraine,48.3794,31.1656
UKR,SHEEP,THND_TONNE,2026,22.77777545032,Ukraine,48.3794,31.1656
WLD,PIG,THND_TONNE,2025,126679.263709487,World,0.0,0.0
WLD,PIG,THND_TONNE,2026,127520.708605434,World,0.0,0.0
UKR,POULTRY,THND_TONNE,2025,1270.68110788727,Ukraine,48.3794,31.1656
UKR,POULTRY,THND_TONNE,2026,1279.1850962451,Ukraine,48.3794,31.1656
IDN,POULTRY,THND_TONNE,2025,2320.8721956111,Indonesia,-0.7893,113.9213
IDN,POULTRY,THND_TONNE,2026,2379.77426295274,Indonesia,-0.7893,113.9213
IND,BEEF,THND_TONNE,2025,1098.09140109639,India,20.5937,78.9629
IND,BEEF,THND_TONNE,2026,1114.99179982855,India,20.5937,78.9629
WLD,BEEF,THND_TONNE,2025,75195.69110355679,World,0.0,0.0
WLD,BEEF,THND_TONNE,2026,76041.3925786699,World,0.0,0.0
IRN,SHEEP,THND_TONNE,2025,359.34330420932,Iran,32.4279,53.688
IRN,SHEEP,THND_TONNE,2026,367.2063487279989,Iran,32.4279,53.688
IRN,PIG,THND_TONNE,2025,0.0009,Iran,32.4279,53.688
IRN,PIG,THND_TONNE,2026,0.0009,Iran,32.4279,53.688
MEX,POULTRY,THND_TONNE,2025,4423.37930554184,Mexico,23.6345,-102.5528
MEX,POULTRY,THND_TONNE,2026,4489.506735734771,Mexico,23.6345,-102.5528
AUS,SHEEP,THND_TONNE,2025,262.39355665523703,Australia,-25.2744,133.7751
AUS,SHEEP,THND_TONNE,2026,266.860644012628,Australia,-25.2744,133.7751
MEX,BEEF,THND_TONNE,2025,1814.4878178902695,Mexico,23.6345,-102.5528
MEX,BEEF,THND_TONNE,2026,1836.71132419692,Mexico,23.6345,-102.5528
PRY,POULTRY,THND_TONNE,2025,53.200542704285,Paraguay,-23.4425,-58.4438
PRY,POULTRY,THND_TONNE,2026,54.163457549433005,Paraguay,-23.4425,-58.4438
WLD,SHEEP,THND_TONNE,2025,17237.5493657047,World,0.0,0.0
WLD,SHEEP,THND_TONNE,2026,17515.1593150575,World,0.0,0.0
CHE,PIG,THND_TONNE,2025,260.511292698946,Switzerland,46.8182,8.2275
CHE,PIG,THND_TONNE,2026,261.578138810057,Switzerland,46.8182,8.2275
OECD,BEEF,THND_TONNE,2025,28090.894104994,OECD Countries,0.0,0.0
OECD,BEEF,THND_TONNE,2026,28239.5536035372,OECD Countries,0.0,0.0
PAK,BEEF,THND_TONNE,2025,2083.0298287625897,Pakistan,30.3753,69.3451
PAK,BEEF,THND_TONNE,2026,2125.18607622623,Pakistan,30.3753,69.3451
CHL,SHEEP,THND_TONNE,2025,9.857652991963,Chile,-35.6751,-71.543
CHL,SHEEP,THND_TONNE,2026,9.959001653783,Chile,-35.6751,-71.543
ZAF,PIG,THND_TONNE,2025,253.820932055616,South Africa,-30.5595,22.9375
ZAF,PIG,THND_TONNE,2026,256.10207264393995,South Africa,-30.5595,22.9375
BRICS,SHEEP,THND_TONNE,2025,7082.931826110041,BRICS Countries,0.0,0.0
BRICS,SHEEP,THND_TONNE,2026,7165.014889383991,BRICS Countries,0.0,0.0
PAK,SHEEP,THND_TONNE,2025,550.428530114091,Pakistan,30.3753,69.3451
PAK,SHEEP,THND_TONNE,2026,562.211784243465,Pakistan,30.3753,69.3451
JPN,POULTRY,THND_TONNE,2025,2056.54071007304,Japan,36.2048,138.2529
JPN,POULTRY,THND_TONNE,2026,2053.01922083868,Japan,36.2048,138.2529
BRICS,PIG,THND_TONNE,2025,68185.106544451,BRICS Countries,0.0,0.0
BRICS,PIG,THND_TONNE,2026,68791.0174797143,BRICS Countries,0.0,0.0
PHL,SHEEP,THND_TONNE,2025,66.787729146158,Philippines,12.8797,121.774
PHL,SHEEP,THND_TONNE,2026,68.005481119009,Philippines,12.8797,121.774
CAN,SHEEP,THND_TONNE,2025,37.930777968086,Canada,56.1304,-106.3468
CAN,SHEEP,THND_TONNE,2026,38.101963461231,Canada,56.1304,-106.3468
PHL,PIG,THND_TONNE,2025,2136.77694836562,Philippines,12.8797,121.774
PHL,PIG,THND_TONNE,2026,2173.20565342398,Philippines,12.8797,121.774
OECD,POULTRY,THND_TONNE,2025,47514.16787648651,OECD Countries,0.0,0.0
OECD,POULTRY,THND_TONNE,2026,47694.74236792981,OECD Countries,0.0,0.0
CAN,PIG,THND_TONNE,2025,810.2805737426489,Canada,56.1304,-106.3468
CAN,PIG,THND_TONNE,2026,816.7674343204151,Canada,56.1304,-106.3468
PRY,BEEF,THND_TONNE,2025,294.427996793055,Paraguay,-23.4425,-58.4438
PRY,BEEF,THND_TONNE,2026,300.745470263818,Paraguay,-23.4425,-58.4438
PAK,PIG,THND_TONNE,2025,0.0009,Pakistan,30.3753,69.3451
PAK,PIG,THND_TONNE,2026,0.0009,Pakistan,30.3753,69.3451
CHE,SHEEP,THND_TONNE,2025,12.68991,Switzerland,46.8182,8.2275
CHE,SHEEP,THND_TONNE,2026,12.72991,Switzerland,46.8182,8.2275
AUS,POULTRY,THND_TONNE,2025,1425.19648921773,Australia,-25.2744,133.7751
AUS,POULTRY,THND_TONNE,2026,1441.2372897088198,Australia,-25.2744,133.7751
CHN,POULTRY,THND_TONNE,2025,21901.4775760074,China,35.8617,104.1954
CHN,POULTRY,THND_TONNE,2026,22209.686038891403,China,35.8617,104.1954
IRN,POULTRY,THND_TONNE,2025,2368.10953611938,Iran,32.4279,53.688
IRN,POULTRY,THND_TONNE,2026,2401.41751433617,Iran,32.4279,53.688
MYS,POULTRY,THND_TONNE,2025,1682.97926976025,Malaysia,4.2105,101.9758
MYS,POULTRY,THND_TONNE,2026,1709.2887171328302,Malaysia,4.2105,101.9758
SAU,SHEEP,THND_TONNE,2025,223.784910798467,Saudi Arabia,23.8859,45.0792
SAU,SHEEP,THND_TONNE,2026,227.525603076675,Saudi Arabia,23.8859,45.0792
WLD,POULTRY,THND_TONNE,2025,130254.013920449,World,0.0,0.0
WLD,POULTRY,THND_TONNE,2026,131607.311362055,World,0.0,0.0
AUS,BEEF,THND_TONNE,2025,756.061400088298,Australia,-25.2744,133.7751
AUS,BEEF,THND_TONNE,2026,758.6015258325431,Australia,-25.2744,133.7751
MEX,SHEEP,THND_TONNE,2025,81.735569328511,Mexico,23.6345,-102.5528
MEX,SHEEP,THND_TONNE,2026,82.400293109876,Mexico,23.6345,-102.5528
URY,BEEF,THND_TONNE,2025,228.344526630517,Uruguay,-32.5228,-55.7658
URY,BEEF,THND_TONNE,2026,229.75616629347,Uruguay,-32.5228,-55.7658
CHL,PIG,THND_TONNE,2025,470.4067598531,Chile,-35.6751,-71.543
CHL,PIG,THND_TONNE,2026,474.509682998428,Chile,-35.6751,-71.543
DZA,BEEF,THND_TONNE,2025,270.107086337025,Algeria,28.0339,1.6596
DZA,BEEF,THND_TONNE,2026,275.764587347772,Algeria,28.0339,1.6596
PRY,SHEEP,THND_TONNE,2025,4.62190401411,Paraguay,-23.4425,-58.4438
PRY,SHEEP,THND_TONNE,2026,4.710088848595,Paraguay,-23.4425,-58.4438
CAN,BEEF,THND_TONNE,2025,1020.90115140887,Canada,56.1304,-106.3468
CAN,BEEF,THND_TONNE,2026,1011.913995751,Canada,56.1304,-106.3468
PRY,PIG,THND_TONNE,2025,204.306649425107,Paraguay,-23.4425,-58.4438
PRY,PIG,THND_TONNE,2026,207.76882014168203,Paraguay,-23.4425,-58.4438
CHN,BEEF,THND_TONNE,2025,9408.871500070842,China,35.8617,104.1954
CHN,BEEF,THND_TONNE,2026,9539.53694150205,China,35.8617,104.1954
IDN,SHEEP,THND_TONNE,2025,143.603976127366,Indonesia,-0.7893,113.9213
IDN,SHEEP,THND_TONNE,2026,146.617644895217,Indonesia,-0.7893,113.9213
BGD,BEEF,THND_TONNE,2025,211.627967107417,Bangladesh,23.685,90.3563
BGD,BEEF,THND_TONNE,2026,209.76508790335495,Bangladesh,23.685,90.3563
ZAF,BEEF,THND_TONNE,2025,922.481667800725,South Africa,-30.5595,22.9375
ZAF,BEEF,THND_TONNE,2026,930.7109077352408,South Africa,-30.5595,22.9375
BRICS,POULTRY,THND_TONNE,2025,42862.0328598219,BRICS Countries,0.0,0.0
BRICS,POULTRY,THND_TONNE,2026,43314.9257759482,BRICS Countries,0.0,0.0
IND,PIG,THND_TONNE,2025,440.510990905728,India,20.5937,78.9629
IND,PIG,THND_TONNE,2026,450.064219676915,India,20.5937,78.9629
CHN,SHEEP,THND_TONNE,2025,5850.01597410663,China,35.8617,104.1954
CHN,SHEEP,THND_TONNE,2026,5926.07785646047,China,35.8617,104.1954
UKR,PIG,THND_TONNE,2025,782.4669524672411,Ukraine,48.3794,31.1656
UKR,PIG,THND_TONNE,2026,794.472376295309,Ukraine,48.3794,31.1656
CHE,POULTRY,THND_TONNE,2025,153.5,Switzerland,46.8182,8.2275
CHE,POULTRY,THND_TONNE,2026,155.0,Switzerland,46.8182,8.2275
MEX,PIG,THND_TONNE,2025,2341.63092505058,Mexico,23.6345,-102.5528
MEX,PIG,THND_TONNE,2026,2366.9499465271697,Mexico,23.6345,-102.5528
SAU,PIG,THND_TONNE,2025,10.0,Saudi Arabia,23.8859,45.0792
SAU,PIG,THND_TONNE,2026,10.0,Saudi Arabia,23.8859,45.0792
KOR,POULTRY,THND_TONNE,2025,1050.43621911223,South Korea,35.9078,127.7669
KOR,POULTRY,THND_TONNE,2026,1060.38290223143,South Korea,35.9078,127.7669
BRICS,BEEF,THND_TONNE,2025,21927.9459599703,BRICS Countries,0.0,0.0
BRICS,BEEF,THND_TONNE,2026,22209.114084421803,BRICS Countries,0.0,0.0
MYS,SHEEP,THND_TONNE,2025,46.325312353547,Malaysia,4.2105,101.9758
MYS,SHEEP,THND_TONNE,2026,47.047206706188,Malaysia,4.2105,101.9758
